"","Data","MSE","SSE","SAE"
"1","Train Data",2.78357724836831,9717.46817405377,4586.28925179791
"2","Test Data",45.9261350461234,69026.9809743235,8599.78331329353
