"","Data","MSE","SSE","SAE"
"1","Train Data",2.78687171579225,9728.96915983073,4592.20719903459
"2","Test Data",43.8511135825161,65908.2237145217,8400.25606342348
