"","kHKB","kLW","lambdaGCV"
"1",0.529078760627969,0.859857266389307,0.529078760627969
